s1_id,cand_id,source,s1_name,s23_name,s1_addr,s23_addr,country,prob
S1-369198632,S3-871488044,S3,federman chimera associates,federman center associates,charlotte 9214 arbor creek drive nc,,us,0.1132
S1-735574718,S2-744597756,S2,armour exports of ahmedabad,arm0ur exports of ahmedabad limited liability partnership,810 g ahmedabad titaniumcitycenter 293 1 p t p 03 100ft road nr sachintower anandnagar ahmedabad gujarat,,india,0.0036
S1-585559117,S3-747068282,S3,nalanda sons private limited,nalanda sons private limited service,13 floor 3 plot 595 d narendra villa drive babasahe ambedkar road five garden matunga mumbai mumbai city maharashtra,hn 838 13 mh,india,0.2225
S1-407546990,S2-668479738,S2,mogal consultancy,smt mogal consmlntcy,covaitechpark floor 1 tw 1 758 2 759 2 kovaithirungr coimbatore south coimbatore tamil nadu,,india,0.0053
S1-302460878,S3-206803247,S3,lewis fortune limited liability company,lewis fortune enterprises,tn 2948 harris circle memphis,,us,0.0016
S1-252968531,S2-17629671,S2,rk products limited,sri rk products,place no 9 sy no 17 2 floor himagirinagar gandhamguda rajendra nagar hyderabad telangana,,india,0.0122
S1-242173296,S3-256261594,S3,spotless clinic limited,spotless limited service,349 2nd floor 349 school street angels school gurgaon haryana,349 gurugram hr,india,0.256
S1-590041452,S3-832965754,S3,sakthi trade private limited,sakthi ticmied private limited,plot no a 175 hanuman nagar khatipura vaishali nagar jaipur rajasthan,,india,0.0107
S1-961750321,S3-397026696,S3,royal developers private limited,royal developers limited services,s f 19 a p m mall nr petrol pump nr shubhlabh soc sun step club sola road ahmedabad gujarat,s f 0019 ahmedabad gj,india,0.1693
S1-201570205,S3-962341145,S3,suvidha welfare society,sri suvidha welfare cénter,s 7 plot no4 pkt 7 sf malhan plaza s 12 dwarka new delhi south west delhi delhi,,india,0.0101
S1-871785372,S3-461504388,S3,oncology cascade center limited liability company,oncology cascade enterprises,3175 deep forest drive pinetop az,,us,0.0307
S1-529307976,S3-250823548,S3,lakshmi technologies private limited,lakshmi private limited services,lucknow b 6 lucknow uttar pradesh industrial area amausi nadarganj,hn 777 b 6 patna lucknow up,india,0.2487
S1-137454868,S2-482543469,S2,piedmont york l l c,piedmont york enterprises,4416 oliver street hyattsville md,,us,0.1185
S1-417921833,S2-841197366,S2,cu electronic incorporated,cu incorporated services,632 107th street lincoln northeast,,us,0.28
S1-697216285,S3-990664102,S3,himalaya international school corporation,smt himalaya ínternational school,chennai no 14 hadoows road nungambakkam ngm tamil nadu,,india,0.0009
S1-92032536,S2-568518596,S2,bionics assurance private limited,bionics private limited services,a 901 la lagune golf course road sector 54 gurgaon haryana,,india,0.0577
S1-514025093,S3-263366043,S3,sayan stop limited,sayan stop limited,nihar 30a c i t road kolkata howrah west bengal,nihar north 24 parganas howrah wb,india,0.0962
