feature,gain_importance,split_importance
addr_token_set,450449.5849317312,95
addr_jaccard_token,88220.74751803465,124
candidate_rank,24745.188559955917,206
conflicting_digits,5823.865759551525,82
name_jaro_winkler,3248.62614646554,162
addr_ratio,2387.820338137448,80
addr_len_ratio,2149.0424516745843,44
addr_token_sort,1233.130251467228,36
name_partial,689.2828831672668,101
max_name_address,550.2582305110991,39
min_name_address,454.5739524960518,23
addr_num_overlap,442.3817414790392,48
name_x_address,390.45295255165547,59
name_token_set,227.92542383819818,36
name_jaccard_token,200.56199535354972,40
name_token_sort,177.14543738774955,88
name_len_s23,143.97805945947766,40
name_ratio,104.69706819299608,53
name_len_ratio,49.00271835923195,29
candidate_is_s3,10.335399627685547,1
missing_address_asymmetry,8.242019653320312,1
strong_name_but_number_conflict,3.5052007287740707,5
exact_name_match,0.00023806099488865584,1
country_match,0.0,0
name_len_s1,0.0,0
blocking_score,0.0,0
has_both_addresses,0.0,0
strong_name_and_number_match,0.0,0
