feature,gain_importance,split_importance,val_perm_importance
addr_token_set,494297.44542235025,531,0.003909731455785104
addr_ratio,64299.98085109977,421,0.00012103012144215608
addr_jaccard_token,42740.42898004665,624,0.0007611368090980619
name_jaro_winkler,22827.376868675463,986,0.00027548787932574204
addr_token_sort,11444.500819796915,288,6.396821198750846e-05
addr_len_ratio,9809.8903794738,411,0.00015833547692889471
addr_num_overlap,5746.520660023671,377,0.00019198954951893388
name_token_set,5307.796444608481,606,1.6416620775561164e-05
name_partial,4144.574492899468,956,0.00010580229044698797
name_jaccard_token,2968.292262244083,692,6.560987406512009e-05
name_token_sort,2402.354918305529,1077,0.00020704755340261727
name_ratio,1151.8450706099684,703,5.9439489014101454e-06
name_len_s23,857.274162558344,670,3.388050873864845e-05
name_len_ratio,761.5341641672421,653,9.566927279824888e-06
name_len_s1,389.6108802410308,442,1.3727691510534434e-05
blocking_score,0.0,0,0.0
country_match,0.0,0,0.0
