,name_ratio,name_token_sort,name_token_set,name_partial,name_jaro_winkler,name_jaccard_token,addr_ratio,addr_token_sort,addr_token_set,addr_jaccard_token,addr_num_overlap,country_match,blocking_score,name_len_s1,name_len_s23,name_len_ratio,addr_len_ratio
name_ratio,1.0,0.8832999731276926,0.787424143421279,0.7993355652941155,0.8125523083771383,0.7662832688807827,0.23046386124694518,0.24209974049643707,0.24137582597847398,0.273893086021852,0.2665362290608212,,,0.2808006790665975,0.13562364022045265,0.5864112010806943,-0.011155675143366978
name_token_sort,0.8832999731276926,1.0,0.8369803587823896,0.710025986380917,0.7546299428974,0.8260088016958537,0.25289584614679106,0.26384588044734114,0.2666182253865394,0.29612922218758314,0.28478872523855286,,,0.28643164872650645,0.1459019781194526,0.6003988296962813,-0.00459305219748844
name_token_set,0.787424143421279,0.8369803587823896,1.0,0.8204541933774251,0.7068463653132729,0.8252395735619689,0.21763151446889295,0.22952870084114987,0.22579250366150144,0.25748696637065543,0.24344285282162978,,,0.3204571882622665,0.12206425769275922,0.3129592342432122,-0.0006399728583594463
name_partial,0.7993355652941155,0.710025986380917,0.8204541933774251,1.0,0.7251899400941,0.6710774068330496,0.23771257796827067,0.25232621357197227,0.24235734887879648,0.279958052243622,0.2591456625076551,,,0.2044659695501587,0.0278432637804435,0.14738744415214605,0.021868719748475516
name_jaro_winkler,0.8125523083771383,0.7546299428974,0.7068463653132729,0.7251899400941,1.0,0.7293207527145643,0.35932745942549105,0.3748991436777429,0.37864896669704123,0.41636880326588843,0.3861713916897881,,,0.19578308192908747,0.05133974936849582,0.4224627099590959,0.030212002736896237
name_jaccard_token,0.7662832688807827,0.8260088016958537,0.8252395735619689,0.6710774068330496,0.7293207527145643,1.0,0.3758808752581671,0.39259085076128936,0.4031760678345372,0.4369061320155545,0.4162255139517648,,,0.2578253347123264,0.16794226126502532,0.4658538632082731,0.03289781771053297
addr_ratio,0.23046386124694518,0.25289584614679106,0.21763151446889295,0.23771257796827067,0.35932745942549105,0.3758808752581671,1.0,0.9545322530912252,0.9357291319880705,0.8662544248689367,0.7259720520004432,,,-0.010125597305838532,-0.06688579230087145,0.12386159614916177,0.5237599953155425
addr_token_sort,0.24209974049643707,0.26384588044734114,0.22952870084114987,0.25232621357197227,0.3748991436777429,0.39259085076128936,0.9545322530912252,1.0,0.9750451611467086,0.9010652994273912,0.7580306273554334,,,-0.005914787108021444,-0.06520784822275816,0.125130980494581,0.523815522001964
addr_token_set,0.24137582597847398,0.2666182253865394,0.22579250366150144,0.24235734887879648,0.37864896669704123,0.4031760678345372,0.9357291319880705,0.9750451611467086,1.0,0.9014264191253499,0.7797975226716953,,,-0.004652072655670408,-0.07104932602094557,0.14043487625044496,0.45855430959570614
addr_jaccard_token,0.273893086021852,0.29612922218758314,0.25748696637065543,0.279958052243622,0.41636880326588843,0.4369061320155545,0.8662544248689367,0.9010652994273912,0.9014264191253499,1.0,0.8555486473771451,,,-0.0021771638063638314,-0.07856715494029837,0.1473082727022255,0.27739705769870093
addr_num_overlap,0.2665362290608212,0.28478872523855286,0.24344285282162978,0.2591456625076551,0.3861713916897881,0.4162255139517648,0.7259720520004432,0.7580306273554334,0.7797975226716953,0.8555486473771451,1.0,,,0.0026670745548623273,-0.07284154752031334,0.1571173583810131,0.1902871766172136
country_match,,,,,,,,,,,,,,,,,
blocking_score,,,,,,,,,,,,,,,,,
name_len_s1,0.2808006790665975,0.28643164872650645,0.3204571882622665,0.2044659695501587,0.19578308192908747,0.2578253347123264,-0.010125597305838532,-0.005914787108021444,-0.004652072655670408,-0.0021771638063638314,0.0026670745548623273,,,1.0,0.4304089495418093,0.2083447716127038,0.00770339093873998
name_len_s23,0.13562364022045265,0.1459019781194526,0.12206425769275922,0.0278432637804435,0.05133974936849582,0.16794226126502532,-0.06688579230087145,-0.06520784822275816,-0.07104932602094557,-0.07856715494029837,-0.07284154752031334,,,0.4304089495418093,1.0,0.09096383113962782,0.014787818813187333
name_len_ratio,0.5864112010806943,0.6003988296962813,0.3129592342432122,0.14738744415214605,0.4224627099590959,0.4658538632082731,0.12386159614916177,0.125130980494581,0.14043487625044496,0.1473082727022255,0.1571173583810131,,,0.2083447716127038,0.09096383113962782,1.0,-0.028645937145687018
addr_len_ratio,-0.011155675143366978,-0.00459305219748844,-0.0006399728583594463,0.021868719748475516,0.030212002736896237,0.03289781771053297,0.5237599953155425,0.523815522001964,0.45855430959570614,0.27739705769870093,0.1902871766172136,,,0.00770339093873998,0.014787818813187333,-0.028645937145687018,1.0
