experiment_id,timestamp,git_commit_if_available,candidate_K,feature_set,added_features,removed_features,model_parameters,negative_sampling_strategy,threshold_policy,global_threshold,S2_threshold,S3_threshold,validation_precision,validation_recall,validation_f05,validation_singleton_accuracy,holdout_f05_if_run,num_predictions,false_positives,false_negatives,runtime_seconds,notes
EXP-001-BASELINE-AUDIT,2026-09-25T16:21:40.606537,clean,50,baseline_17,none,none,"num_leaves=127,lr=0.05",hard_neg_ratio=5,global_grid_search,0.3,0.3,0.3,0.9966,0.8855,0.9449,1.0,0.9513,2358,8,304,176.6,Step 1 audit baseline run on 5K sample with 3-way split (Train/Val/Holdout)
EXP-003-ABLATION-ALL_FEATURES,2026-09-25T16:39:36.967727,clean,50,all_features,none,,num_leaves=127,hard_neg_ratio=5,global_grid_search,0.3,0.3,0.3,0.9966,0.8855,0.9449,1.0,,2358,8,304,0.8,Feature ablation experiment for group: all_features
EXP-003-ABLATION-MINUS_NAME_FEATURES,2026-09-25T16:39:37.768211,clean,50,minus_name_features,none,"name_ratio,name_token_sort,name_token_set,name_partial,name_jaro_winkler,name_jaccard_token",num_leaves=127,hard_neg_ratio=5,global_grid_search,0.65,0.65,0.65,0.9947,0.8451,0.9277,1.0,,2255,12,411,0.8,Feature ablation experiment for group: minus_name_features
EXP-003-ABLATION-MINUS_ADDRESS_FEATURES,2026-09-25T16:39:39.122602,clean,50,minus_address_features,none,"addr_ratio,addr_token_sort,addr_token_set,addr_jaccard_token,addr_num_overlap,addr_len_ratio",num_leaves=127,hard_neg_ratio=5,global_grid_search,0.6,0.6,0.6,0.9556,0.795,0.8855,1.0,,2208,98,544,1.3,Feature ablation experiment for group: minus_address_features
EXP-003-ABLATION-MINUS_NUMBER_FEATURES,2026-09-25T16:39:39.925476,clean,50,minus_number_features,none,addr_num_overlap,num_leaves=127,hard_neg_ratio=5,global_grid_search,0.45,0.45,0.45,0.9953,0.8824,0.9435,1.0,,2353,11,312,0.8,Feature ablation experiment for group: minus_number_features
EXP-003-ABLATION-MINUS_COUNTRY,2026-09-25T16:39:40.871099,clean,50,minus_country,none,country_match,num_leaves=127,hard_neg_ratio=5,global_grid_search,0.3,0.3,0.3,0.9966,0.8855,0.9449,1.0,,2358,8,304,0.9,Feature ablation experiment for group: minus_country
EXP-003-ABLATION-MINUS_TFIDF,2026-09-25T16:39:42.394424,clean,50,minus_tfidf,none,blocking_score,num_leaves=127,hard_neg_ratio=5,global_grid_search,0.3,0.3,0.3,0.9966,0.8855,0.9449,1.0,,2358,8,304,1.5,Feature ablation experiment for group: minus_tfidf
EXP-003-ABLATION-MINUS_FUZZY,2026-09-25T16:39:43.794138,clean,50,minus_fuzzy,none,"name_ratio,name_partial,name_jaro_winkler,addr_ratio",num_leaves=127,hard_neg_ratio=5,global_grid_search,0.45,0.45,0.45,0.997,0.8828,0.9442,1.0,,2350,7,311,1.4,Feature ablation experiment for group: minus_fuzzy
EXP-003-ADVANCED-INTERACTION-FEATURES,2026-09-25T16:43:43.832091,clean,50,advanced_28,"name_x_address,min_name_address,conflicting_digits,missing_address_asymmetry,candidate_rank",none,num_leaves=127,hard_neg_ratio=5,global_grid_search,0.55,0.55,0.55,0.9983,0.8862,0.9461,1.0,0.9492,2356,4,302,207.3,Added 11 interaction and digit conflict features
EXP-004-SMART-DECISION-POLICY,2026-09-25T16:44:44.779636,clean,50,advanced_28,none,none,num_leaves=127,hard_neg_ratio=5,smart_entity_policy,,0.4,0.3,0.9976,0.7995,0.9026,1.0,0.9155,2127,5,532,268.2,"Smart decision policy: S2=0.4, S3=0.3, SingletonConf=0.2, Margin=0.0"
BLK-001-NAME-TFIDF-BASELINE,2026-09-25T17:27:32.892735,clean,50,advanced_28,Name TF-IDF (Baseline),none,num_leaves=127,hard_neg_ratio=5,global_grid_search,0.25,0.25,0.25,0.9932,0.8745,0.9394,1.0,,2337,16,333,38.4,Person 2 Blocking Experiment: Name TF-IDF (Baseline) | Blocker Recall: 87.91%
BLK-002-ADDR-TFIDF,2026-09-25T17:28:14.754217,clean,50,advanced_28,Address TF-IDF only,none,num_leaves=127,hard_neg_ratio=5,global_grid_search,0.35,0.35,0.35,0.9895,0.9216,0.9662,1.0,,2472,26,208,41.8,Person 2 Blocking Experiment: Address TF-IDF only | Blocker Recall: 93.75%
BLK-003-EXACT-NAME-MAP,2026-09-25T17:28:29.477605,clean,50,advanced_28,Exact Name Hashtable,none,num_leaves=127,hard_neg_ratio=5,global_grid_search,0.8,0.8,0.8,0.9839,0.2298,0.4561,0.9762,,620,10,2044,14.7,Person 2 Blocking Experiment: Exact Name Hashtable | Blocker Recall: 23.02%
BLK-004-RARE-TOKEN-INDEX,2026-09-25T17:29:01.431841,clean,50,advanced_28,Rare Token Index,none,num_leaves=127,hard_neg_ratio=5,global_grid_search,0.75,0.75,0.75,0.9966,0.8772,0.9246,1.0,,2336,8,326,31.9,Person 2 Blocking Experiment: Rare Token Index | Blocker Recall: 88.66%
BLK-005-NUMERIC-ADDR-INDEX,2026-09-25T17:29:19.122540,clean,50,advanced_28,Numeric Address Index,none,num_leaves=127,hard_neg_ratio=5,global_grid_search,0.2,0.2,0.2,0.9961,0.581,0.6935,1.0,,1548,6,1112,17.7,Person 2 Blocking Experiment: Numeric Address Index | Blocker Recall: 58.25%
BLK-006-MULTI-UNION-OPTIMAL,2026-09-25T17:30:44.245621,clean,60,advanced_28,Multi-Blocker Union (Name+Addr+Exact+Rare),none,num_leaves=127,hard_neg_ratio=5,global_grid_search,0.75,0.75,0.75,0.9942,0.9638,0.9874,1.0,,2573,15,96,85.1,Person 2 Blocking Experiment: Multi-Blocker Union (Name+Addr+Exact+Rare) | Blocker Recall: 99.25%
